Rating	Rank	Name	Year	Weight	URL
RECOMMENDED	36	Blood Rage	2015	2.88/5.00	https://boardgamegeek.com/boardgame/170216
RECOMMENDED	94	Rising Sun	2018	3.28/5.00	https://boardgamegeek.com/boardgame/205896
RECOMMENDED	104	Codenames	2015	1.28/5.00	https://boardgamegeek.com/boardgame/178900
RECOMMENDED	129	Star Wars: X-Wing Miniatures Game	2012	2.49/5.00	https://boardgamegeek.com/boardgame/103885
RECOMMENDED	138	Welcome To...	2018	1.82/5.00	https://boardgamegeek.com/boardgame/233867
RECOMMENDED	143	The Lord of the Rings: The Card Game	2011	3.19/5.00	https://boardgamegeek.com/boardgame/77423
RECOMMENDED	146	Just One	2018	1.04/5.00	https://boardgamegeek.com/boardgame/254640
RECOMMENDED	156	The Resistance: Avalon	2012	1.76/5.00	https://boardgamegeek.com/boardgame/128882
RECOMMENDED	158	Magic: The Gathering	1993	3.23/5.00	https://boardgamegeek.com/boardgame/463
RECOMMENDED	165	Cosmic Encounter	2008	2.58/5.00	https://boardgamegeek.com/boardgame/39463
RECOMMENDED	182	Star Realms: Colony Wars	2015	1.90/5.00	https://boardgamegeek.com/boardgame/182631
RECOMMENDED	206	Secret Hitler	2016	1.68/5.00	https://boardgamegeek.com/boardgame/188834
RECOMMENDED	211	Deception: Murder in Hong Kong	2014	1.59/5.00	https://boardgamegeek.com/boardgame/156129
RECOMMENDED	238	Too Many Bones: Undertow	2018	4.03/5.00	https://boardgamegeek.com/boardgame/235802
RECOMMENDED	241	Dixit: Odyssey	2011	1.18/5.00	https://boardgamegeek.com/boardgame/92828
BEST	279	Cthulhu Wars	2015	3.15/5.00	https://boardgamegeek.com/boardgame/139976
RECOMMENDED	292	Mage Wars Arena	2012	3.68/5.00	https://boardgamegeek.com/boardgame/101721
RECOMMENDED	309	The Resistance	2009	1.61/5.00	https://boardgamegeek.com/boardgame/41114
RECOMMENDED	312	Star Wars: Armada	2015	3.15/5.00	https://boardgamegeek.com/boardgame/163745
RECOMMENDED	318	Monikers	2015	1.06/5.00	https://boardgamegeek.com/boardgame/156546
RECOMMENDED	365	Codenames: Pictures	2016	1.24/5.00	https://boardgamegeek.com/boardgame/198773
RECOMMENDED	405	Wavelength	2019	1.12/5.00	https://boardgamegeek.com/boardgame/262543
RECOMMENDED	452	Sidereal Confluence	2017	3.57/5.00	https://boardgamegeek.com/boardgame/202426
RECOMMENDED	470	One Night Ultimate Werewolf	2014	1.38/5.00	https://boardgamegeek.com/boardgame/147949
RECOMMENDED	511	Star Wars: X-Wing Miniatures Game â€“ The Force Awakens Core Set	2015	2.85/5.00	https://boardgamegeek.com/boardgame/183562
RECOMMENDED	513	Star Wars: X-Wing (Second Edition)	2018	3.04/5.00	https://boardgamegeek.com/boardgame/252328
BEST	562	One Night Ultimate Werewolf: Daybreak	2015	1.42/5.00	https://boardgamegeek.com/boardgame/163166
RECOMMENDED	564	Formula D	2008	1.97/5.00	https://boardgamegeek.com/boardgame/37904
BEST	570	Star Trek: Ascendancy	2016	3.14/5.00	https://boardgamegeek.com/boardgame/193949
BEST	589	Smash Up: Awesome Level 9000	2013	2.14/5.00	https://boardgamegeek.com/boardgame/134726
RECOMMENDED	610	6 nimmt!	1994	1.20/5.00	https://boardgamegeek.com/boardgame/432
RECOMMENDED	618	Telestrations: 12 Player Party Pack	2011	1.07/5.00	https://boardgamegeek.com/boardgame/153016
RECOMMENDED	658	Space Hulk	1989	2.50/5.00	https://boardgamegeek.com/boardgame/2163
RECOMMENDED	666	Disney Villainous: Wicked to the Core	2019	2.38/5.00	https://boardgamegeek.com/boardgame/271518
RECOMMENDED	667	A Fake Artist Goes to New York	2012	1.15/5.00	https://boardgamegeek.com/boardgame/135779
RECOMMENDED	676	Wits & Wagers	2005	1.21/5.00	https://boardgamegeek.com/boardgame/20100
RECOMMENDED	709	Disney Villainous: Evil Comes Prepared	2019	2.28/5.00	https://boardgamegeek.com/boardgame/284760
RECOMMENDED	710	Heroes of Land, Air & Sea	2018	3.33/5.00	https://boardgamegeek.com/boardgame/198830
RECOMMENDED	718	The Mind	2018	1.07/5.00	https://boardgamegeek.com/boardgame/244992
RECOMMENDED	732	Ricochet Robots	1999	2.41/5.00	https://boardgamegeek.com/boardgame/51
RECOMMENDED	753	Warhammer Underworlds: Shadespire	2017	2.49/5.00	https://boardgamegeek.com/boardgame/224597
RECOMMENDED	761	Tumblin-Dice	2004	1.04/5.00	https://boardgamegeek.com/boardgame/16747
RECOMMENDED	763	Trails of Tucana	2019	1.25/5.00	https://boardgamegeek.com/boardgame/283864
BEST	800	Smash Up: Science Fiction Double Feature	2014	2.30/5.00	https://boardgamegeek.com/boardgame/151004
RECOMMENDED	830	Concept	2013	1.39/5.00	https://boardgamegeek.com/boardgame/147151
RECOMMENDED	843	Werewords	2017	1.16/5.00	https://boardgamegeek.com/boardgame/219215
BEST	880	Smash Up: Pretty Pretty Smash Up	2015	2.14/5.00	https://boardgamegeek.com/boardgame/168917
RECOMMENDED	907	Disney Villainous: Perfectly Wretched	2020	2.31/5.00	https://boardgamegeek.com/boardgame/299047
BEST	913	Smash Up: Monster Smash	2014	2.29/5.00	https://boardgamegeek.com/boardgame/160018
RECOMMENDED	925	When I Dream	2016	1.19/5.00	https://boardgamegeek.com/boardgame/198454
RECOMMENDED	935	Zendo	2001	2.54/5.00	https://boardgamegeek.com/boardgame/6830
RECOMMENDED	968	Two Rooms and a Boom	2013	1.43/5.00	https://boardgamegeek.com/boardgame/134352
RECOMMENDED	981	Warhammer Quest	1995	2.69/5.00	https://boardgamegeek.com/boardgame/1634
RECOMMENDED	983	Sons of Anarchy: Men of Mayhem	2014	2.56/5.00	https://boardgamegeek.com/boardgame/156091
